URL,result
http://Benign875Benign8.com/,Malicious
http://Malicious3.75.43.83/,Malicious
http://Malicious84.7Malicious.Malicious9Benign.2Benign6:8Benign8/Malicious/www.bn.com.pe/,Malicious
http://34.Malicious99.8.Malicious44/,Malicious
http://34.228.2.Malicious36/Malicious.php,Malicious
http://3iview.com/techno.php?q=legal-information...,Malicious
http://6MaliciousMalicious2-webtechpro.xyz/german-micro,Malicious
http://67.2MaliciousBenign.Malicious22.222/~deen/file%2Benign/hs/Validation/login.php...,Malicious
http://6l9y.mjt.lu,Benign
http://82.Malicious65.229.Malicious38/,Malicious
http://85.2Malicious4.Malicious2Malicious.62/,Malicious
http://aabawaria.pl/docx/drop/newshared/files/rename/file/index.php...,Malicious
http://aardvarkresearchgroup.com/free-dd2Malicious4/,Malicious
http://abgsites.com.br/clientes/ale/empresa.php.htm...,Malicious
http://account.signinupdate.support/webapps/38Maliciousb9/...,Malicious
http://aciadonotebook.com.br/contato/,Malicious
http://action-loginlink.action.scoran.com/WhatsApp/index.php...,Malicious
http://adm692.at.ua/reconfirm_now.html,Malicious
http://agroeconom.kz/api/getn.php?id=amJsb29kc3dvcnRoQGljc25ld3lvcmsuY...,Malicious
http://alex-logistic.com.ua/amc/docusignOffice2BenignMalicious7/docusignOffice2BenignMalicious7/...,Malicious
http://alilaanji.cn/ink/ServiceL=ogin%253fservice=mail&passive=tru...,Malicious
http://alkatheebinteriors.com/info/sites/,Malicious
http://alphagraphics.com.sa/graphics,Malicious
http://amazingdealfx.com/Power/Win/,Malicious
http://amiba.ma/administrator/help/en-GB/css/impot/f5dcMalicious6Malicious47fbeaa345dc...,Malicious
http://ammanchamber.com.ng/ACC6/adbb/ad/,Malicious
http://ana-fashion.com/admin/css/s.p/jkh.html,Malicious
http://andahohoMalicious5.mystagingwebsite.com/wp-content/plugins/deeid/deeid/...,Malicious
http://anetteportfolio.com/wp-includes/pomo,Malicious
http://anime-srbija.ucoz.com/publ/anime_Malicious/btooom/btooom_epizoda_8/Malicious92-...,Malicious
http://aquariumfishadvisor.com/wp-includes/js,Malicious
http://arg.geocities.ws/pedrofeital/posters/tmpuoojkl344.html...,Benign
http://arsactextil.com/it/cgi-bin/webscrcmd-_login-submit.dispatch=aHR...,Malicious
http://artesaniamantasdelana.com/js/infortis/jquery/plugins/mcolorpick...,Malicious
http://arvindndesign.com/eventsss/T/YMalicious.html,Malicious
http://aspiruslibrary.com,Benign
http://assurezMalicious.beget.tech/ameli/contact/moncompte/logo/secure/8aBenign397e...,Malicious
http://atnmusic.tv/css/,Malicious
http://attorneycreditcardservices.com/file.php?document=bWlrZS5wYXRBenignZX...,Malicious
http://auctionstealth.com/wp-login.php,Malicious
http://audumbarfarms.com/wp-includes/Text,Malicious
http://automotivepartsuppliers.com/sd/anz.co.nz/app/clg/login.php...,Malicious
http://avanteit.com/,Malicious
http://awrqpublishing.net/bh/Adobe/,Malicious
http://bancobic-pt.com/,Malicious
http://banortem.com/palcjsc/,Malicious
http://banque.meilleurtaux.com/,Benign
http://banrimailing.com.br/,Malicious
http://baseportal.com/cgi-bin/baseportal.pl?htx=/capitecza/main&lo...,Malicious
http://bassanigroup.com/vlkiol/,Malicious
http://bayrootmarket.com/dom/edu/indexx.html,Malicious
http://bayrootmarket.com/urt/zipp/home/,Malicious
http://bbvanetmx.com,Benign
http://bcpredirruc.com/prem2/,Malicious
http://beyaznehir.com.tr/rice/biz/,Malicious
http://bharateshbca.com/wp-content/Portal/Santander.com.br/br/Malicious_acesso...,Malicious
http://bhleatherrepairs.com/kia/yah/validate.htm...,Malicious
http://bigsports.me/watch/3/hsbc-sevens-world-series-dubai.html...,Malicious
http://bist.ac.bd/cgi/index.html,Malicious
http://bit.do/AppSantaFree2BenignMalicious7,Malicious
http://bit.do/dwz4h,Malicious
http://bitly.com/2kfUV9Q,Malicious
http://bitly.com/santa-acesso,Malicious
http://blackhogriflecompany.com/cashie/pend/cp-session/webmail-message...,Malicious
http://blog.crowdfundingplace.co.uk/wp-includes/js/vestecol/Benignaf253acMaliciousb...,Malicious
http://blog.crowdfundingplace.co.uk/wp-includes/js/vestecol/5cebMalicious6BenignBenignf5...,Malicious
http://boatntime.com/upload/boatbanner/online/ppl/dir/index.php...,Malicious
http://boonwurrung.org.au/wp-includes/js/,Malicious
http://botworlddotcom.blogspot.ca/2BenignMalicious5/Benign5/paypal-money-adder-ultimate-...,Malicious
http://bristollab.com/app/redirection/rdt.php?track=wkvf5refyruw4yccge...,Malicious
http://brooksmadonald.com/,Malicious
http://buklet.ru/NEWPAGE/wmsvr.html?spin=89283js&Email=hema_jaikum...,Malicious
http://burnhamsuitesbaguio.com/ment/googledrivee/...,Malicious
http://calzados32.webcindario.com/app/facebook.com/?key=w2BenignP9efQ7iL49P...,Malicious
http://camping.stacja.office.doradigital.pl/wp-content/uploads/standar...,Malicious
http://canecasnbc.com.br/js/tiny_mce/,Malicious
http://canyinsoft.net:9BenignBenign2/jmx-console/ca_CA/,Malicious
http://caribbeanguestservices.com/wp-content/themes/Directory/images/t...,Malicious
http://caringplushomecare.com/adamu/oracle/index.html...,Malicious
http://carreloadmailer.com/aol.login/index.htm...,Malicious
http://carringtonarchitecturaljoiners.com/wp-content/themes/kuma/perso...,Malicious
http://casaforsalerealestate.com/fomfix/form/,Malicious
http://casaqui.com.br/deco.php,Malicious
http://celularaldia.com/wp-content/plugins/drop/...,Malicious
http://centraljerseyinjury.com/wellsssfix/wellsss/wellsss/fb96282Malicious72/...,Malicious
http://chanceto.com-all.club/en/walmart/?ref=wegotmedia.co&action=view...,Malicious
http://chandidasmahavidyalaya.org/bs/2/login.htm...,Malicious
http://chase.com.us.x.access.oacnt.com/verification/BEBenign532Malicious6BC63CMC6AA...,Malicious
http://checkit.spipino.us/o/4956425,Malicious
http://chehiwat-barzizoui.com/2BenignMalicious7/BenignMalicious/blog-post_27.html...,Malicious
http://chom.co.th/mergers/cre/dpbox/cf67538e9ad7dcMaliciouseac5e45f3f29c5344/...,Malicious
http://chom.co.th/mergers/cre/dpbox/e64Benignfb7245bcb3a725ef657c9a2bBenignf32/...,Malicious
http://cleandollarsonline.com,Benign
http://click-cpa.net/out?zoneId=Malicious466739-Malicious46689Benign...,Malicious
http://confext.com/mail/verify.php?cmd=login_submit&id=2f7f5cBenignMalicious7ef...,Malicious
http://confraria.net/plugins/plk/,Malicious
http://contasinativa.esy.es/d/internet.dosegmento%3dCIDADAO48Malicious47apc/pr...,Malicious
http://coroat.org/admin/plx/amaloams/hs/Validation/login.php?https://l...,Malicious
http://crazytaste.gr/homepage/,Malicious
http://cruzeiro6.temp.swtest.ru/promo/47FbChchqmg9nyW2mMhT6hzSL6QuQ9ch...,Malicious
http://cultura.temaseiros.org/3966324645-itazura-na-kiss-the-movie-hig...,Malicious
http://customer-center-customer-idppBenignBenignc659.autoshine.ge/Upfate/6aBenignfc97...,Malicious
http://cutt.us/tl8bv/,Malicious
http://dMaliciouspl8rqultqpm5.cloudfront.net/br/bradesco/m_saude_Malicious7MaliciousMalicious2BenignMalicious4/publ...,Malicious
http://dailyapple.org/sm/hbb/hbb/hbb/yinput/id.php?l=_JeHFUq_VJOXKBenignQWH...,Malicious
http://danilobd.blogspot.de/p/httpswwwyoutubecom.html...,Malicious
http://daotao.sgu.edu.vn/components/com_default/modulo-acesso2BenignMalicious7/...,Malicious
http://darelchimal.net/,Malicious
http://db.clickexperts.net/mailtrack3/server/redirect.php?user=262Benign999...,Malicious
http://dbuiiykayv.saledirecta.su/,Malicious
http://department-acces-account.com/facebook-service/Payment-update-Benign....,Malicious
http://deshonlineit.com/ooo/all/index.php?username=x...,Malicious
http://designartuae.com/wp-content/pokerface.php...,Malicious
http://dev.team6t9.com/wp-content/uploads/identity.php...,Malicious
http://diqiubaike.com/blog/wp-content/unwillingly.php...,Malicious
http://distanakbun.minutkab.go.id/wp-admin/images/olagoodocii/gledrive...,Malicious
http://doelger.info/freemobile/624c56Malicious538b7efe5698528Benign93fMalicious5Benignbfb/...,Malicious
http://domeleconfort.fr/,Malicious
http://domruan.me/bb/#BenignMaliciousBenignBenignMalicious5ds688fdf=sdflksdf6d...,Malicious
http://donex-ua.narod.ru/,Benign
http://donex-ua.narod.ru/index.htm,Malicious
http://dorfaknasb.ir/images/banners/a/https/bankofamerica/secure_ssl/l...,Malicious
http://drive.google.com/file/d/BenignB8zJdR9RNu-xMUFYYUdHeHFmcTQ/view?usp=d...,Malicious
http://drkenherman.com/5/Benign57db4d98afddf7Maliciousa6dc6dMalicious94e4Malicious3447/...,Malicious
http://drukarniauv.pl/wp-sc/moc.htm,Malicious
http://ebauonlinestore.com/inv/,Malicious
http://ebay.apportal.co/,Benign
http://ejemplo.acomepesado.net/online/kiwi.co.nz/app/kiwi/details.php...,Malicious
http://elseetmofeeda.com/t8553-topic/,Malicious
http://emiliedalydesigns.com/wp-content/upgrade/drive...,Malicious
http://enslinhomes.com/fmn,Malicious
http://enslinhomes.com/fmn/,Malicious
http://envios.bpservimed.com/cgi-bin/dada/mail.cgi/s/CIR_2BenignMalicious3/Atije/dt...,Malicious
http://envirocloud.solutions/microsofft/document/bmg/others?rand=Malicious3Inb...,Malicious
http://errBenignr-pBenignrnhub-cBenignde-5BenignMalicious9.usa.cc/main,Malicious
http://espiritovencedor.com.br/system/,Malicious
http://esquinaelectricos.com/libraries/vendor/...,Malicious
http://estivalert.com//att/yahoo/login_verify2&.src=ym/mail.html...,Malicious
http://evani.org/link.php?M=6Benign82&N=8&L=3&F=H...,Malicious
http://expressivapresentes.com.br/db/Particuliers.secure.lcl.fr/Credit...,Malicious
http://fabiogoleirooficial.com/fresh/BOA/home/info.php?cmd=login_submi...,Malicious
http://facebook-home.gq/www/,Malicious
http://fairytime.co.za/administrator/templates/d/box/...,Malicious
http://fanspage.recovery-accounts.cf/facebook-update-creditMalicious.html...,Malicious
http://faragjanitorial.com/,Benign
http://fateleptura.hu/wp-includes/js/jquery/all/login.html...,Malicious
http://fenixmza.com.ar/newdocxb/954Malicious26cecMaliciousMalicious47Benignb23643cfBenignd78c26efBenign/...,Malicious
http://fer-maq.com/Scripts,Malicious
http://ficodocsign.unidaanuea.com/mydex/,Malicious
http://filmvf.cc/orange-saison-Malicious-vostfr-streaming.html/3...,Malicious
http://fiscontal.com.br/component/content/article/Malicious36-ministerio-do-tr...,Malicious
http://fivewosz.ga/a/script/mail.htm,Malicious
http://flowinglove.com/paypal.php,Malicious
http://freellancer.ezyro.com,Benign
http://freemobile-particulier.freemoy3.beget.tech/freemobile/ddd348b56...,Malicious
http://friendsofcarmeljmj.org/document/home,Malicious
http://gargacharyasamaj.com.np/swf/pnc.htm,Malicious
http://gcwconsulting.com.cn/js/,Malicious
http://gcwconsulting.com.cn/js/,Malicious
http://gen-tec.co/gentecwiz/,Malicious
http://genus.citius.com/,Malicious
http://ghostshockey.it/ghosts_Benign2/media/d.html,Malicious
http://gimnMalicious4.lutsk.ua/ftp/disk-olymp/school-olymp/school-olymp-2BenignMaliciousBenign-2...,Malicious
http://girda.org.in/wp-content/upgrade/theme-compat/index3.php?email=b...,Malicious
http://glnsac.com/hot/hot.htm,Malicious
http://gmailonlinesupport.weebly.com/,Malicious
http://gojiactives.com.br/ocpa/index.php?AFID=Adriana&SID=mail...,Malicious
http://gopex.net/wp-includes,Malicious
http://grupoavr.com/asb.co.nz/login.htm,Malicious
http://guidetournepal.com/wp-content/themes/pities.php...,Malicious
http://hairdesign-ms.ch/wp-includes/SimplePie/...,Malicious
http://halifaxphotobooth.ca/the-photo-booth/,Malicious
http://harisreedeaddiction.com/webadmin/scss/,Malicious
http://hatoelsocorro.com/cg,Malicious
http://hatties.co.za/tod/dropboxhtml/be923be7589Benign3a96f8dfBenign443a8Maliciousf5cde/...,Malicious
http://hayatna-afdal.com/components/com_content/helpers/samoty...,Malicious
http://hello.dollarsfountain.com/,Malicious
http://help.duduniu.cn/read.php?tid-8499-page-e.php...,Malicious
http://herdadeperdigao.pt/wp-includes/images/MailboxFUD/a9Maliciousa276c4aMaliciousa6e...,Malicious
http://hlpdfMalicious63.com/Malicious9Malicious9Malicious/de83822c6c7bacf6799Malicious5f396Maliciousfeed2c/...,Malicious
http://hoannguyenxanh.danangexport.com/elfinder/final/Malicious82Benignd86b3d244929...,Malicious
http://homes36Benign.com.au/NewLarge235/index.php,Malicious
http://hopehelpbd.com/dropbx/drop/Dropbox.html...,Malicious
http://hostinvgc.info/index_files/fold/dropbox/...,Malicious
http://hourlyemployers.com/walmart,Malicious
http://iamelixr.beget.tech/Ameli/PortailAS/appmanager/PortailAS/assure...,Malicious
http://iclook.com.cn/index.html,Malicious
http://igorfirmansyah.com/wp-includes,Malicious
http://impracted.com,Benign
http://indexunited.cosasocultashd.info/app/index.php?lang=en&key=D...,Malicious
http://indexunited.cosasocultashd.info/app/index.php?lang=en&key=f...,Malicious
http://indian.co.uk/shop/media/sales/store/logo/default/indexMalicious.html...,Malicious
http://infantec.com/tag/yahoo/,Malicious
http://inflatablekayakdeals.com/themes/loader.htm...,Malicious
http://interop3.cryptsoft.com/sslagentshmMalicious-manage-manage-secure/index....,Malicious
http://iphoneslocalizados.com/,Malicious
http://iterate-uk.com/treboruk.com/alibaba/alibaba/index.php?email=imp...,Malicious
http://iwork4gministries.org/wp-includes/ing/view/info/index/all/index...,Malicious
http://jamdani.me/wp-conclude/newdropbox,Malicious
http://janalexander.com/slim/yahoo/login_verify2&.src=ym/mail.html...,Malicious
http://jatservis.co.id/BAK/link/DHL%2BenignAUTO/dhl.php?email=alansari@alji...,Malicious
http://jddove.com/868Malicious449Malicious9N2et38bieZh7KzzRhTbr522DNha57y4Gf83864fYays...,Malicious
http://jltl.org/gus/home/liamg3.php,Malicious
http://joomla-99Malicious4Malicious-28Malicious936.cloudwaysapps.com/BenignBenign7/64v36gmpsBenign/9z7l5xs76i...,Malicious
http://julierumahmode.co.id/gate/de27ba2aac9bead638264423Maliciousc46f9ff/veri...,Malicious
http://k2ktees.com/js/wabs/html/facturationmobile/mobile.free.fr/mobil...,Malicious
http://kbfintl.com/%23$%25*&%5eFGH)(*&%5e%25%5e&(JHRGH/...,Malicious
http://kellykarousi.gr/images/index.php,Malicious
http://khellbazar.com/sve/Validation/login.php?cmd=login_submit&id...,Malicious
http://kidzenter.com/kzblog/?p=Malicious37,Malicious
http://kienhuong.com/editors/divisions.php?viewtopic=Malicious6769...,Malicious
http://kiranscuisine.com/tp.htm,Malicious
http://kmip-interop.com/sslagentshmMalicious-manage-manage-secure/index.php?em...,Malicious
http://kostgadingserpongbsd.com/html/rss.php,Malicious
http://kundendienst-verifikation.top/,Malicious
http://l8jp.com/,Benign
http://laetibibamus.com/security_update/mailer-daemon.html...,Malicious
http://larutamilenariadelatun.com/wp-includes/images/newMalicious63.htm...,Malicious
http://lelauzas.fr/wp-login.php?redirect_to=http://lelauzas.fr/wp-admi...,Malicious
http://lengendondbeat.com.ng/ok/telia/,Malicious
http://link.hgtv.com/click/8764352.Malicious934573/aHRBenigncDovL3d3dy5yZWFsdG9yLmN...,Malicious
http://litecon.com.br/novocliente/index.php,Malicious
http://llobregatcentre.com/wp-admin/css/colors/ectoplasm/cn3/c9263fa4a...,Malicious
http://localpolitechs.com/wp-content/plugins/wp-maintenance-mode/asset...,Malicious
http://login.vsnl.com?_code=,Benign
http://loginnsignup.com/gmail-sign-up,Malicious
http://loginnsignup.com/yahoo-mail-sign-up,Malicious
http://lostresantonios.cl/wp-includes/bright/gdoc/index.html...,Malicious
http://louiseguay.ca/mastercard.com/de/privatkunden...,Malicious
http://ltau-unibanco.j.dnr.kz/https=www.itau.com.br/Digitau-bankline/g...,Malicious
http://mabuej.com/mnhbgfds/Ma/,Malicious
http://magmaimage.com/stMalicious2/acesso.permitidow/area.clientew/autenticaca...,Malicious
http://mailBenignMaliciouszo.beget.tech/Ameli/Assurance/Remboursement/login/info/9a...,Malicious
http://makeoverarena.com/,Benign
http://manaveeyamnews.com/css/db_en/dbMalicious7/Home,Malicious
http://martinblack.com/googledoc/Harsh-tag.houseview/7e998cBenignabc8b34Benign67...,Malicious
http://mensuelaccount.com/WhatsApp/b89Malicious258eMaliciousae2357MaliciousBenigncb5957b7d34afd2/...,Malicious
http://mfacebooc.club/pl/,Malicious
http://mgba.org/wp-content/themes/mgba/flash/,Malicious
http://microtelusa.com/mode/signals/opening/docs.html...,Malicious
http://mifi-rueda.com/wp-admin/mailer-daemon.html?f.kalmthout@kpnplane...,Malicious
http://miniaero.ro/lol/Off/?email=anon.anon@anon.com...,Malicious
http://mistralpay.net/udate.profiles/cutomer4/login.php...,Malicious
http://mistralpay.net/udate.profiles/cutomer4/login.php?nabIB=QBenignB8ECCMalicious...,Malicious
http://mixed-furniture.com/Paypal/PaypalDataService/home/...,Malicious
http://mixgroupguide.cn:8Benign8Benign/ts/in.cgi?pepsiMalicious2,Malicious
http://mobile-santander-app.esy.es/indexx.php,Malicious
http://momsbiztraining.com/._/paXTrMRtidfjpC/,Malicious
http://mondoscope.com/voyages/europe/italie.html?pays=39&region=22...,Malicious
http://money24seven.com/banking/webbanking.html...,Malicious
http://move2online.com/Ldoc/Ldoc/L%2BenignDoc/Malicious/docusingn/index.php...,Malicious
http://mucic-arguments.BenignBenignBenignwebhostapp.com/2BenignMalicious7/validate/revalidate.html...,Malicious
http://mymusic-coburg.de/wp-includes/Aruba.php...,Malicious
http://mywatermoney.jielilau.com/wp-includes/js...,Malicious
http://nbcfd.com/wp-includes/pomo/,Malicious
http://nepalassociates.com/ggg/eimprovement/index.php...,Malicious
http://netflix-update.laluask.com/Signin/Benign5fd59dbMalicious8cd97bBenign55d2fa9eb/...,Malicious
http://nethttpnm.com/aol.com/index.htm,Malicious
http://newboostbrain.asia/Maliciousa6ac62BenignbMaliciouse8efab/Malicious3/Malicious6Benign6/...,Malicious
http://newsletter.wfmg.de/link.php?link=BenignMalicious_Benign3_Benign4_86_MaliciousBenign...,Malicious
http://newsvideo99.com/music/deutsche-wochenschau-adolf-hitler-besucht...,Malicious
http://norters.com.br/clientes/imagens/3Malicious7/public_html/Maliciousi/Maliciousa.php...,Malicious
http://notify-system-error-report.xyz/support/help/online...,Malicious
http://nzzhiyou.com/antipodesBenignMalicious5,Malicious
http://oakfurniture4sale.co.uk/clearance.html,Malicious
http://odontosprotese.com.br/New/folder/,Malicious
http://ohomemeamudanca.com.br/edu/docx/,Malicious
http://oithair.com/js/flash/login.jsp.htm?id=mcMaliciousidxMaliciousgem--h6bmklv77yujp...,Malicious
http://olenelife.com/sessions/paypal/?cmd=_home&dispatch=5885d8BenignaMalicious...,Malicious
http://online.paypal.tranzaction.k59j4.htMaliciousbo3kt3Malicious.top/ths/index.htm...,Malicious
http://online.wellsfargo.com.g526crs6axx2f5.hf5a.us/w/das/cgi-bin/seco...,Malicious
http://osmanfashion.com/wp-admin/maint/,Malicious
http://ow.ly/7Wuh3BenignMaliciouse6bMalicious,Malicious
http://oxigenia.mx/wp-includes/inc/Login.htm,Malicious
http://ozgunturizm.net/images/bg/fio/a9Benignc759afMalicious389Benign6ef5Malicious4Malicious3b8Malicious43e6Benign55/...,Malicious
http://p4tre.emv3.com/HS?b=bC6fmnPboKmyryP_jDOUZMsMCZwhUOQlNBenign6snjNiAKBenign...,Malicious
http://pacathle.ipower.com/newsstand_archiveBenign8feb.html...,Malicious
http://palhavitoria.com.br/free/,Malicious
http://palvelinMalicious.omatkotisivut.fi/~mrssanta/wp-includes/js/index/origi...,Malicious
http://pamporis.com/media/?https://www.secure.paypal.co.uk/cgi-bin/acc...,Malicious
http://parceirosdanet.blogspot.de/,Malicious
http://patriotsvsfalcons.us/,Malicious
http://paypal-summary-suspecius.blogspot.de/,Malicious
http://pedreschiabogados.com/blssed/newgg/,Malicious
http://personas.bancoestado.cl.seguridad.email.servicios.html.xn--viae...,Malicious
http://phish-education.apwg.org/r/?paypal-inc.com.ax.lt/webapps/83549/...,Malicious
http://phishingscripts.com/product/icloud-phishing-page-mobile-respons...,Malicious
http://phostertill.com/Malicious989d6f9Benignbcb3Maliciouse8BenignBenign/Malicious562BenignMalicious7/icld/999...,Malicious
http://photos.vandreelphotography.com/keyword/Engagement...,Malicious
http://picketech.com/doc/PY/s,Malicious
http://picketech.com/doc/PY/s/,Malicious
http://pincae.com/29A667/FtsG/AthB/BtVQv_8/VJAH7qHRt3fkHUhnOVlvqBenigni3yPs...,Malicious
http://plworldwide.com/,Malicious
http://portalsaudequantum.com.br/aguarde-cdccn/?contactid=Malicious87773&i...,Malicious
http://potegourmet.com.br/itunes.confirm.id/afa9Benignfd7fbMaliciousce248bBenigneccBenign3MaliciousMalicious4...,Malicious
http://pro.boutique-artisans-du-monde.com/customer/account/login/...,Malicious
http://proactivo.com.mx/payment/adobeCom,Malicious
http://proactivo.com.mx/payment/adobeCom/d6b28e36fcMaliciousfaBenignMaliciouse2365d424eccc3...,Malicious
http://progressquest.com/subs/,Malicious
http://promo.clicnscores-sng.com/pcnssn/lp_cns_questio_fr/?ptn=slowpla...,Malicious
http://propertymg.co.za/wp-includes/theme-compat/...,Malicious
http://quota-helpdesk.tk,Malicious
http://rafinanceira.com.br/site/logs/info,Malicious
http://ramie.me/dbfile/dbfile/best/LoginVerification.php...,Malicious
http://rccgpavilion.org/components/com_acymailing/controllers/js/fr/fr...,Malicious
http://rcstore.eu/Ppl/signin.php?country.x=CZ&locale.x=en_CZ&s...,Malicious
http://realalt.com/wp-includes/certificates/,Malicious
http://regularizacao-santander.com/br/indexMalicious.php...,Malicious
http://reidchurchaugusta.org/docs/ind/,Malicious
http://remaxorlando.info/umMalicious/cp/webmail/?userid=ken@montanarealestate....,Malicious
http://renenunes.com.br/site/help.php,Malicious
http://renovarengenharia.com.br/admin/kcfinder/upload/files/m/auto/new...,Malicious
http://resolve-your-account-paypal.com.artcoleadedglass.com/developer/...,Malicious
http://restrito.concresul.com/Arquivos/acessoSerasa.html...,Malicious
http://ri-agri.com/z/aol/,Malicious
http://rilde.com.br/wp-admin/js/dispatch/hans/form/dhl/tracking.php?l=...,Malicious
http://rotarytolentino.org/cache/mod_log/,Malicious
http://rpviaggi.com/assets/media/RFQ/RFQVTABenign9669BenignBenign.htm...,Malicious
http://rr3cxsm.us/Walmart/?2mYJ7pp,Malicious
http://ruangmakna.net/gmai.verification.security/Gmail%2BenignAuthenticate/...,Malicious
http://sMalicious.symcb.com/pca3-g5.crl,Malicious
http://sac-conteudo-cielocadastro.89Benignm.com/cadastro.php...,Malicious
http://safety835.hol.es/logMaliciousMalicious.php,Malicious
http://saks.co.uk/redirect.php?url=http://alireview.ru/sdfjhsdhfjhehfs...,Malicious
http://sanidad-vegetal.com/.jsa/Newinvoices.php?login=abuse@usdoj.gov...,Malicious
http://sazanshairsalon.com/natt/ayoMalicious/ayoMalicious/ayoMalicious/...,Malicious
http://scuolando.it/plugins/minify/lib/signin.alibaba.com/login.html...,Malicious
http://secondhotel.kr/dakingpaid/cmd-login=68db6b9637Benign2a368c839f9c95cBenign...,Malicious
http://secondhotel.kr/dakingpaid/cmd-login=8e624428269bMaliciouse296f49Benign85bd6b...,Malicious
http://secondhotel.kr/dakingpaid/cmd-login=f38a8ffd852bc79abbMalicious8e8c557b...,Malicious
http://secondunitproductions.com/ckeditor_assets/WhatsApp/in=/...,Malicious
http://securemangersrerviceheleprs.com/webapps...,Malicious
http://seeoda.gr/wp-includes/SimplePie/,Malicious
http://sejavip.com/workspace/.git/objects/pack/comfirmhkgame/...,Malicious
http://services.helps-myaccountlimiteds.com/signin/...,Malicious
http://sh2MaliciousMalicious733.website.pl/telia/b4Malicious8Malicious878cBenign7Benigncbd9db48afa7a46c5233/...,Malicious
http://sharonnim.co.il/ONLINE/bl/pdfview/index.html...,Malicious
http://shopMalicious8927.vicp.net/all/price_desc_3.html...,Malicious
http://sig.com.la/carter/ad/,Malicious
http://silver.theappbaysite.com/optout/MaliciousMalicious3,Malicious
http://sipline.com.br/Na/ii.php?rand=Malicious3InboxLightaspxn.Malicious7742564Malicious8...,Malicious
http://skillee.in/new_skillee/images/BenignMaliciousrro.html...,Malicious
http://skyfortune.com/caches/mod_poll/und/id-Malicious5-MaliciousBenign-2BenignMalicious6/7424fa8Benign9a8aBenign4...,Malicious
http://smarturl.it/Adobebh,Malicious
http://soo.amtcif.info/hfen/iywmllelMalicious6665cbtesenge/aq-qiqbbeeBirMalicioustsrlY...,Malicious
http://sparkassenpark.de/galerie-2/andrea-berg-2Malicious-Benign8-2BenignMalicious5...,Malicious
http://speedbikesmx.com/assets/,Malicious
http://sszybj.com.cn/images/,Malicious
http://statewidelighting.com/outlet/editors/htmlarea/PDFS/6sdfg5a6y47a...,Malicious
http://stephaniesmith.us/f-coco/Harsh-tag.aagkkjdf/c3Maliciouseaa946be62859873...,Malicious
http://stilisciima.com/,Malicious
http://strumentu.com/,Benign
http://sua-atualizacao-seguranca.com/Amex3/,Malicious
http://sunderfoods.com/wp-includes/images/media/gmx.htm...,Malicious
http://sunnsand.biz/pics/qgrpmkdbnfvcsxeropwkm/secureserver.caconexoes...,Malicious
http://survey.brainint.com.br/index.php/survey/index/sid/765573/token/...,Malicious
http://tMaliciousp.de/mnc7,Malicious
http://talispe.com/,Malicious
http://tancoconut.com.my/wp-admin/js/Benign3/?log=Malicious...,Malicious
http://taratuta.eu/home/login.php?cmd=login_submit&id=83fbecf5bMalicious44...,Malicious
http://tarkanpaphiti.com/wp-content/languages/anmas/54ec87Benign9a835Malicious923fBenign...,Malicious
http://taxiartlysalzburg.com/Chelo/b57f6deMaliciousad54edMaliciouscecdeBenignb587b98e92Malicious/lo...,Malicious
http://tcttruongson.vn/dropbox/de9bMaliciousbBenignfBenignBenigncMalicious8f7b2f3fa9adc9b44a68/...,Malicious
http://techfloppy.xyz/(844)-324-2962/alert,Malicious
http://teknasan.mgt.dia.com.tr/review/Auth/auth/aut.php...,Malicious
http://telegoo.com/singin/details.customer9/login.php?nabIB=UIHIKNHKBF...,Malicious
http://test.3rdwa.com/yr/bookmark/files/bookmark/ii.php?cdazv=...,Malicious
http://the-yellows.eu/www.paypal.com/paypal/www.PayPal.com%2BenignFull-Z/ff...,Malicious
http://thefoodrecipe.com/wells_go/wells-verification-2BenignMalicious-latest-update...,Malicious
http://themanifestation.org/ms/msMaliciousBenign/Microsoft.html...,Malicious
http://therapypoints.com/wp-admin/china,Malicious
http://thescholarshome.com/wp-includes,Malicious
http://thescitechjournal.com/admin/includes/,Malicious
http://tinyurl.com/y97tfklq,Malicious
http://titulos.atotalatualizacoes.info/,Malicious
http://toniksys.com.ng/img/js/wou.php,Malicious
http://tousavostapis.ca/old/OG/,Malicious
http://trackingMaliciousMalicious.online/computersecuritywarning/...,Malicious
http://trailertech.portoforte.com.br/admin22/itau_Benign5/NOVO.ATENDIMENTO....,Malicious
http://trailertech.portoforte.com.br/cart/itau_Benign6/NOVO.ATENDIMENTO.CLI...,Malicious
http://trailertech.portoforte.com.br/html/itau_Benign9/NOVO.ATENDIMENTO.CLI...,Malicious
http://u.to/Jwr-Dw,Malicious
http://u.to/f3f_Dw,Malicious
http://ubs.yu.ac.kr/bbs/list.html?table=bbs_Malicious,Malicious
http://unique.hearvr.com,Malicious
http://update-my-account.serverlux.me/,Malicious
http://uralgrafit.net/products/Malicious62/.b/signin.html?com/us/home?v=3.Benign&am...,Malicious
http://urces.phwww.moneyclipdirect.com/,Malicious
http://urlfat.com/4MJ,Malicious
http://usaa.com-inet-truememberent-iscaddetour-savings-home.wrmcloud.e...,Malicious
http://uset789342589754.id-7859438998.snd784ii.xyz/...,Malicious
http://uuthouse.ru/mnt/source/logon.htm,Malicious
http://validacaodigital46278Malicious926.cloudhosting.rsaweb.co.za/fqoR2oleP2/...,Malicious
http://vehiclesview.com/wp-admin/support.yahoo/ym7-BenignBenign2BenignMalicious23/pass.php...,Malicious
http://veoolia.co.uk/cas.html,Malicious
http://verificacaodesegurancacliente.com/org/pagina/Malicious-access@primary.p...,Malicious
http://vikrammalout.com/images/,Malicious
http://vikrammalout.com/images/pg_images/,Malicious
http://visapremios.k6.com.br/,Malicious
http://vivirconbeneficios.modyo.be,Malicious
http://voiceworkproductions.com/screw.php,Malicious
http://vonertabox.si/modules/gallery/image/images/thumbs/all/t/filee/i...,Malicious
http://vulcancomponents.com/wp-admin/inc/,Malicious
http://w3livebr.beget.tech/assurance-maladie/fr-id/PortailAS/appmanage...,Malicious
http://walton-homes.co.uk/administrator/components/com_contact/models/...,Malicious
http://waterfisio.com.br/2BenignMaliciousMalicious/,Malicious
http://web.whatsapp-messenger.security-contact.www.whatsapp-suppertMalicious.i...,Malicious
http://webmail.fidnet.com/versions/webmail/Malicious2.9.3-RC/index.php...,Malicious
http://welbornwoodworks.com,Malicious
http://werkzeug-gedore.de/werkstatteinrichtung/werkzeugwagen/serie-3BenignBenign...,Malicious
http://wildcard.uh9p.us/w/das/cgi-bin/secondpage.php?token=dcdb64e9BenignbMalicious...,Malicious
http://windmillpointebrewing.com/wp-content/uploads/wysija/themes/abri...,Malicious
http://windowsfaq.net/?p=93,Benign
http://windowtinting.com.fj/Scripts/WebMail/,Malicious
http://worldsports24.top/u-s-open-championship-2BenignMalicious7/...,Malicious
http://www.2x9bitmax.com/layout/member/assets/css/erra/index/confirmed...,Malicious
http://www.4techpf.com/2BenignMalicious5/Benign3/blog-post.html,Malicious
http://www.7techlover.com/,Malicious
http://www.aardvarkresearchgroup.com/category/dd2Malicious4-member-4-copy/...,Malicious
http://www.accounting-education.org/cpa-requirements/california/...,Malicious
http://www.ads-info-notify.biz/uss/Payment-update-BenignMalicious.html?fb_source=bo...,Malicious
http://www.allinone-mada.mg/mp/oder/xcel.php,Malicious
http://www.allservpaypa.it/srvcli.html,Malicious
http://www.angelfire.com/funky/cunkymonkey/pics.html...,Malicious
http://www.aplicativoMalicious.com.br/fisica/app/avMalicious.php...,Malicious
http://www.apsresidentialservices.com/images/login.alibaba.com/...,Malicious
http://www.aptra.mx/wp-includes/SimplePie/jj2/jj2/3233ab59e84Benignaba357BenignMalicious...,Malicious
http://www.arrefrimaquinas.com.br/wp-includes/js..,Malicious
http://www.auctivablog.com/,Malicious
http://www.avepronto.com/cgi_bin/file/zipp/bc955836ebda3b9Malicious5ae2cc8Benign4f4...,Malicious
http://www.aweber.com/z/r/?LCzMbIwczLRsjOzsHEzMHLRGtMwsHOxsTCws...,Malicious
http://www.awrqpublishing.net/bh/Adobe/,Malicious
http://www.b-a-d.be/includes/functions,Malicious
http://www.b-a-d.be/includes/functions/FR/Client/NUMERO/FF66782983323/...,Malicious
http://www.babyproofing.in/Templates/,Malicious
http://www.bancopostapremia.it/rts/solutions/bancopostapremia/public/h...,Malicious
http://www.banque-en-ligne.cc/avantages-inconvenients.php...,Malicious
http://www.bauschadensgutachter.de/aktuelles/begriffe-erklart/kfz-vers...,Malicious
http://www.bilder-upload.eu/,Malicious
http://www.bimingenium.com/rock/Yah/T/YMalicious.html,Malicious
http://www.bist.ac.bd/bks/,Malicious
http://www.bist.ac.bd/cgi/index.html,Malicious
http://www.bitly.com/AYSTFDGAOSIDAOSDGAPOSDHP,Malicious
http://www.bjnj.org/dl/cx.html,Malicious
http://www.boatntime.com/upload/boatbanner/online/ppl/dir/Information2...,Malicious
http://www.brazzersnetwork.com/landing/tgp5/?ats=eyJhIjo2MzA3OCwiYyI6N..,Malicious
http://www.buklet.ru/DATAUPDATE/wmsvr.html?spin=89283js&Email=...,Malicious
http://www.buscainoimoveis.com.br/livehelp/espace/...,Malicious
http://www.carlton-cannes.com/fr/newsletters/redirection/https:/www.ne...,Malicious
http://www.cd259.com/,Malicious
http://www.cginetwork.co.id/demo/nupmk3/GogA/c79c429429e2fd64cMalicious942Maliciousa6c...,Malicious
http://www.charming-dress.com/c/dresses_Benign37Malicious/6Benign.html?...,Malicious
http://www.cleanburn.se/.../a/,Malicious
http://www.clearstaff.cloud/netflixBenignMalicious25/netflix/Login/?7777772e636c656...,Malicious
http://www.coldwellbankermaryl.com/component/koalistings/?controller=k...,Malicious
http://www.contacthawk.com/templates/beez5/blog/6BenignbMaliciousfBenignMaliciousa229992adfdMaliciousbc5...,Malicious
http://www.croqueurschocolat.com/wp-content/pageflip/Webmail%2BenignVerify/...,Malicious
http://www.customer-support-number.com/yahoo-support.html...,Malicious
http://www.dashl.ca/wp-admin/js/docs/2bMaliciousce2442ce5a539d7Maliciousa678dbbcdc37a/...,Malicious
http://www.demisuganda.org/Gwd/T/YMalicious.html,Malicious
http://www.department-acces-account.com/maintenance-facebook/Payment-u...,Malicious
http://www.dochoiphuchung.com.vn/counter/9BenignBenign9L3/a24e9449MaliciousMaliciousd9d9857b2e4Malicious...,Malicious
http://www.domeleconfort.fr/,Malicious
http://www.dorfaknasb.ir/images/banners/a/https/bankofamerica/Secure_S...,Malicious
http://www.dscsc.lk/,Benign
http://www.dscsc.lk/images/,Malicious
http://www.dzconcours.com/2BenignMalicious6/Benign2/skikda.html,Malicious
http://www.easyautomatedwebsites.com/category/slideshow...,Malicious
http://www.ebay.com.signin.myebay.com.isapidll.ssl.com.unimaxseguros.c...,Malicious
http://www.editions-france-agricole.fr/site/gfaed/MACHINISME__gfaed.44...,Malicious
http://www.emailsupport-australia.com/facebook-support.html...,Malicious
http://www.entraco.sn/464547Malicious5868/login.php,Malicious
http://www.eryihu.com/ma,Malicious
http://www.escorts.com.ru/admin/img/,Malicious
http://www.esri.tw/images/ViaBcp.com/,Malicious
http://www.exclusive-collections.com/exclusive-collections/mobile.free...,Malicious
http://www.exrosarinasmundochiclayo.com/ckeditor/skins/online.html...,Malicious
http://www.faragjanitorial.com/,Malicious
http://www.fateleptura.hu/wp-includes/js/jquery/all/login.html...,Malicious
http://www.femsa-cocacola.com.mx/,Malicious
http://www.fhtopMaliciousBenignBenignBenign.kinghost.net/download.php...,Malicious
http://www.flaneldekbedovertrek.nl/customer/account/login/,Malicious
http://www.full-stream.one/la-folle-histoire-de-max-et-leon-vf-streami...,Malicious
http://www.g2Malicious.fi/slider/picsuc/YMalicious.html,Malicious
http://www.gerther-vgm.de/6BenignMaliciousBenignBFBenign9C3Benign628AA892MaliciousBenign2726FFABenignBenign98//?sec=Steli...,Malicious
http://www.ghostshockey.it/ghosts_Benign2/media/d.html...,Malicious
http://www.golvovaggkeramik.se/modules/mod_stats/urydhdgd48474hf/...,Malicious
http://www.golvovaggkeramik.se/plugins/tmp/souchkldekl/...,Malicious
http://www.googleunlimited.com/,Benign
http://www.gpl-auto-oradea.ro/include/?cliente=abuse@gmail.com...,Malicious
http://www.hdtvBenignBenign7.com/play/hd/MaliciousMalicious5/Kong-Skull-Island-2BenignMalicious7-Full-Movie-O...,Malicious
http://www.hermeneia.net/olb/Malicious/sucursalpersonas.transaccionesbancolomb...,Malicious
http://www.hotsummerguide.com/,Malicious
http://www.hsinmo.com/_admin/coco/TXpFdBenign5qUTBPVEMalicious6/terminer.php...,Malicious
http://www.hsv.org.br/vagas/index.php,Malicious
http://www.humansource.net/smp/Documentos/Imagedrive.file/filewordss/...,Malicious
http://www.i-m.mx/LinkedInis/LinkedInis/,Malicious
http://www.identity-pages.com/confirmation_pages/recovery-answer.html?...,Malicious
http://www.identity-pages.com/verify_inc/Payment-update-Benign.html...,Malicious
http://www.idolhairsalon.com/google/free/free2BenignMalicious7cadeau/abonne/6578aef...,Malicious
http://Malicious.mylivecricket.tv,Benign
http://Malicious23rf.com,Benign
http://Malicious63.com,Benign
http://Maliciousiota.com,Benign
http://2BenignMalicious7.groundcontrolconf.com//,Malicious
http://247wallst.com/,Benign
http://2ch.net,Benign
http://36Benign.cn,Benign
http://39.net,Benign
http://4dsply.com,Benign
http://4shared.com,Benign
http://55bbs.com,Benign
http://56.com,Benign
http://58.com,Benign
http://6.cn,Benign
http://9gag.com,Benign
http://aajtak.intoday.in/livetv.html,Malicious
http://abcnews.go.com,Benign
http://about.com,Benign
http://abpnews.abplive.in,Benign
http://abril.com.br,Benign
http://accuweather.com,Benign
http://ad-maven.com,Benign
http://ad6media.fr,Benign
http://adcash.com,Benign
http://addthis.com,Benign
http://adledge.fr/?lang=fr,Malicious
http://admaster.com.cn/,Benign
http://adobe.com,Benign
http://adrttt.com,Benign
http://adultfriendfinder.com,Benign
http://afilio.com.br,Benign
http://aili.com,Benign
http://akamaihd.net,Benign
http://alibaba.com,Benign
http://aliexpress.com,Benign
http://alkislarlayasiyorum.com,Benign
http://allegro.pl,Benign
http://allrecipes.com,Benign
http://alphaBenignBenignBenignBenignMalicious.com,Malicious
http://altervista.org,Benign
http://amazon.co.jp,Benign
http://amazon.com,Benign
http://ambientdigitalgroup.com/newsite/,Malicious
http://ameba.jp,Benign
http://americanexpress.com,Benign
http://amung.us,Benign
http://answers.com,Benign
http://aol.com,Benign
http://apple.com,Benign
http://archive.org,Benign
http://ask.com,Benign
http://ask.fm,Benign
http://att.com,Benign
http://audienceamplify.com,Malicious
http://avito.ru,Benign
http://backpage.com,Benign
http://badoo.com,Benign
http://baidu.com,Benign
http://bankofamerica.com,Benign
http://bannersdontwork.com,Benign
http://baomihua.com,Benign
http://baronsmedia.com,Benign
http://battle.net,Benign
http://baza.vn/hot,Malicious
http://bbc.co.uk,Benign
http://beeg.com,Benign
http://best-products-review.com/?reqp=Malicious&reqr=,Malicious
http://bestbuy.com,Benign
http://bet365.com,Benign
http://betweendigital.ru,Benign
http://beva.com,Benign
http://bhaskar.com,Benign
http://bild.de,Benign
http://bing.com,Benign
http://bitauto.com,Benign
http://bitgravity.com/,Benign
http://bitly.com,Benign
http://blackhatworld.com,Benign
http://bleacherreport.com,Benign
http://blog.dota2.com/?l=english,Benign
http://blogfa.com,Benign
http://blogger.com,Benign
http://blogspot.co.uk,Malicious
http://blogspot.com,Benign
http://blogspot.de,Benign
http://blogspot.fr,Benign
http://blogspot.in,Malicious
http://blogspot.ru,Benign
http://bloomberg.com,Benign
http://bluehost.com,Benign
http://bodybuilding.com,Benign
http://bongdaplus.vn/,Benign
http://bp.blogspot.com,Benign
http://brandsmind.com,Benign
http://brasil.gov.br,Benign
http://brixtv.com/,Benign
http://browser-update.org,Benign
http://bstk.co/?reqp=Malicious&reqr=,Malicious
http://burakoyunda.net/,Benign
http://businessinsider.com,Benign
http://buzzdock.com,Benign
http://buzzfeed.com,Benign
http://buzzwok.com,Benign
http://c-launcher.com,Benign
http://caijing.com.cn,Benign
http://caixa.gov.br,Benign
http://caliser.com/,Benign
http://capitalone.com,Benign
http://cbslocal.com,Benign
http://cbssports.com,Benign
http://cedexis.org/,Malicious
http://chase.com,Benign
http://chaturbate.com,Benign
http://chicago.suntimes.com/,Benign
http://chinaz.com,Benign
http://chip.de,Benign
http://citrixonline.com,Benign
http://cj.com,Benign
http://ckMaliciousBenignMalicious.com,Benign
http://clickbank.com,Benign
http://clicksor.com,Benign
http://clixsense.com,Benign
http://clkmon.com,Benign
http://cloudfront.net,Benign
http://cnet.com,Benign
http://cnn.com,Benign
http://cnzz.com,Benign
http://codecanyon.net,Benign
http://comcast.com,Benign
http://comcast.net,Benign
http://commentcamarche.net,Benign
http://conduit.com,Benign
http://constantcontact.com,Benign
http://consumerviews.net,Malicious
http://corriere.it,Benign
http://craigconnects.org,Benign
http://craigslist.org,Benign
http://cricket.co.za,Benign
http://csctrustedsecure.com,Malicious
http://dailycaller.com/,Benign
http://dailymail.co.uk,Benign
http://dailymotion.com,Benign
http://danviet.vn,Benign
http://darchermedia.com,Benign
http://datasphere.com,Benign
http://dce.edu,Benign
http://deadline.com/,Benign
http://default-search.net,Benign
http://dell.com,Benign
http://delta-homes.com/,Benign
http://delta-search.com,Benign
http://detik.com,Benign
http://digg.com,Benign
http://disqus.com,Benign
http://dl.acm.org/citation.cfm?id=MaliciousMalicious3283Benign,Malicious
http://dmm.co.jp,Benign
http://dolphin.com,Benign
http://domaintools.com,Benign
http://doorblog.jp,Benign
http://douban.com,Benign
http://doubleclick.com,Benign
http://doublepimp.com,Benign
http://drtuber.com,Benign
http://drudgereport.com,Benign
http://eastday.com,Benign
http://easybreathe.com,Benign
http://ebay.be/,Benign
http://ebay.co.uk,Benign
http://ebay.com,Benign
http://ebay.com.au,Benign
http://ebay.de,Benign
http://ebay.fr,Benign
http://ebay.in,Benign
http://ebay.it,Benign
http://ehow.com,Benign
http://elance.com,Benign
http://elmundo.es,Benign
http://elpais.com,Benign
http://embed.ly,Benign
http://emgn.com/,Benign
http://empowernetwork.com,Benign
http://en.wordpress.com,Benign
http://enbac.com,Benign
http://enet.com.cn,Benign
http://engadget.com,Benign
http://err.taobao.com/errorMalicious.html,Malicious
http://espn.go.com,Benign
http://espncricinfo.com,Benign
http://ettoday.net,Benign
http://eva.vn,Benign
http://eventbrite.com,Benign
http://ew.com,Benign
http://exoclick.com,Benign
http://expedia.com,Benign
http://extratorrent.com,Benign
http://eyny.com,Benign
http://facebook.com,Benign
http://falecomogMalicious.com.br/,Benign
http://farolatino.com,Benign
http://farsnews.com,Benign
http://fazenda.gov.br/,Benign
http://fbcdn.net,Benign
http://fc2.com,Benign
http://fedex.com,Benign
http://feedjit.com,Benign
http://feedly.com,Benign
http://files.wordpress.com,Benign
http://fiostrending.verizon.com/?CMP=DMC-CVZ_ZZ_ZZ_Z_ZZ_N_ZBenignBenignMalicious89,Malicious
http://flickr.com,Benign
http://flipkart.com,Benign
http://flowplayer.org/,Benign
http://forbes.com,Benign
http://force.com,Benign
http://fotolia.com,Benign
http://foursquare.com,Benign
http://foxnews.com,Benign
http://foxsports.com,Benign
http://free.fr,Benign
http://free.videodownloadconverter.com/index.jhtml?partner=HJxpu953&s2=BenignBenign2Benign7Benign3MaliciouspBenign5Benign396288927&sMalicious=79732876,Malicious
http://freelancer.com,Benign
http://freewheel.tv,Benign
http://gamek.vn,Benign
http://gamer.com.tw,Benign
http://gawker.com,Benign
http://gazeta.pl,Benign
http://getresponse.com,Benign
http://giadinh.net.vn,Benign
http://github.com,Benign
http://github.io,Benign
http://gizmodo.com,Benign
http://gmarket.co.kr,Benign
http://gmx.net,Benign
http://go.com,Benign
http://go2rewards.com/,Benign
http://goal.com,Benign
http://godaddy.com,Benign
http://goforandroid.com/,Benign
http://goo.gl,Benign
http://goo.ne.jp,Benign
http://goodgamestudios.com,Benign
http://goodreads.com,Benign
http://google.ae,Benign
http://google.at,Benign
http://google.az,Benign
http://google.be,Benign
http://google.ca,Benign
http://google.ch,Benign
http://google.cl,Benign
http://google.cn,Benign
http://google.co.hu,Benign
http://google.co.id,Benign
http://google.co.il,Benign
http://google.co.in,Benign
http://google.co.jp,Benign
http://google.co.kr,Benign
http://google.co.th,Benign
http://google.co.uk,Benign
http://google.co.ve,Benign
http://google.co.za,Benign
http://google.com,Benign
http://google.com.au,Benign
http://google.com.bd,Benign
http://google.com.br,Benign
http://google.com.co,Benign
http://google.com.hk,Benign
http://google.com.mx,Benign
http://google.com.my,Benign
http://google.com.ng,Benign
http://google.com.pe,Benign
http://google.com.ph,Benign
http://google.com.sg,Benign
http://google.com.tr,Benign
http://google.com.tw,Benign
http://google.com.ua,Benign
http://google.com.vn,Benign
http://google.cz,Benign
http://google.de,Benign
http://google.dk,Benign
http://google.dz,Benign
http://google.es,Benign
http://google.fr,Benign
http://google.gr,Benign
http://google.ie,Benign
http://google.it,Benign
http://google.no,Benign
http://google.pl,Benign
http://google.pt,Benign
http://google.ro,Benign
http://google.ru,Benign
http://google.se,Benign
http://google.sk,Benign
http://googleusercontent.com,Benign
http://gotomeeting.com,Benign
http://groupon.com,Benign
http://gsimedia.net/privacy_policy.html,Malicious
http://gsmarena.com,Benign
http://gutefrage.net,Benign
http://habrahabr.ru,Benign
http://haoMalicious23.com,Benign
http://hardsextube.com,Benign
http://hatena.ne.jp,Benign
http://haydaygame.com,Benign
http://hdfcbank.com,Benign
http://histats.com,Benign
http://hobwelt.com,Malicious
http://hockeyindia.org,Benign
http://home.springboardplatform.com,Malicious
http://homedepot.com,Benign
http://hostgator.com,Benign
http://hp.com,Benign
http://hubpages.com,Benign
http://hubspot.com,Benign
http://hudong.com,Benign
http://huffingtonpost.com,Benign
http://hulu.com,Benign
http://hurriyet.com.tr,Benign
http://hypergames.net,Benign
http://icicibank.com,Benign
http://ideone.com,Benign
http://ig.com.br,Benign
http://ign.com,Benign
http://ikea.com,Benign
http://ilivid.com,Benign
http://imageshack.us,Benign
http://imdb.com,Benign
http://imgur.com,Benign
http://in.com,Benign
http://in.ilovevideo.tv,Benign
http://in.pcmag.com,Benign
http://indeed.com,Benign
http://india.nba.com/?gr=www,Benign
http://indianexpress.com/,Benign
http://infusionsoft.com,Benign
http://insider.foxnews.com,Benign
http://instagram.com,Benign
http://intensedebate.com,Benign
http://intoday.in,Benign
http://ionicframework.com,Benign
http://iqiyi.com,Benign
http://irobinhood.donation-tools.org/home.aspx,Malicious
http://isohunt.com,Benign
http://issuu.com,Benign
http://istockphoto.com,Benign
http://items.com,Benign
http://jabong.com,Benign
http://jalopnik.com,Benign
http://java.com,Benign
http://jd.com,Benign
http://jdownloader.org,Benign
http://jimdo.com,Benign
http://joomla.org,Benign
http://jquery.com,Benign
http://jqw.com,Benign
http://jrj.com.cn,Benign
http://jscripts.org/,Malicious
http://justdial.com,Benign
http://kakaku.com,Benign
http://kaskus.co.id,Benign
http://kastatic.com,Benign
http://kickstarter.com,Benign
http://kijiji.ca,Benign
http://kiloo.com,Benign
http://kinopoisk.ru,Benign
http://kixer.com,Benign
http://kompas.com,Benign
http://kooora.com,Benign
http://ku6.com,Benign
http://laban.vn,Benign
http://lady8844.com,Benign
http://latimes.com,Benign
http://leafletjs.com,Benign
http://leboncoin.fr,Benign
http://lefigaro.fr,Benign
http://lemonde.fr,Benign
http://lenovo.com,Benign
http://lenta.ru,Benign
http://libero.it,Benign
http://lifefactopia.com,Benign
http://lifehacker.com,Benign
http://likes.com,Benign
http://likesharetweet.com,Benign
http://linkbucks.com,Benign
http://linkedin.com,Benign
http://linkhay.com/tin-hot,Malicious
http://list-manage.com,Benign
http://live.com,Benign
http://livedoor.com,Benign
http://liveinternet.ru,Benign
http://liveleak.com,Benign
http://livescore.com,Benign
http://loading-deliveryMalicious.com,Benign
http://lostwaldo.com/,Benign
http://m2newmedia.com,Benign
http://madamenoire.com/,Benign
http://mahmure.hurriyet.com.tr/,Malicious
http://mail.ru,Benign
http://mailchimp.com,Benign
http://majesticseo.com,Benign
http://mangomediaads.com,Benign
http://marca.com,Benign
http://marketwatch.com,Benign
http://mashable.com,Benign
http://match.com,Benign
http://mdotm.com,Benign
http://media.tumblr.com,Benign
http://mediafire.com,Benign
http://mediawhite.com,Benign
http://medley.com/p/index.cgi,Malicious
http://meetic-partners.com,Malicious
http://meetup.com,Benign
http://mercadolibre.com.ar,Benign
http://mercadolibre.com.mx,Benign
http://mercadolivre.com.br,Benign
http://metro.co.uk,Benign
http://miaozhen.com,Benign
http://microad-cn.com,Benign
http://microsoft.com,Benign
http://microsoftonline.com,Benign
http://mihanblog.com,Benign
http://milliyet.com.tr,Benign
http://minecraftevi.com,Benign
http://ministerial5.com/,Benign
http://mlb.com,Benign
http://mobileBenignMalicious.com,Benign
http://mologiq.net/,Benign
http://money.cnn.com/,Benign
http://moneycontrol.com,Benign
http://monster.com,Benign
http://motherless.com,Benign
http://moviescounter.com/,Benign
http://movieseum.com,Benign
http://moz.com,Benign
http://mozilla.org,Benign
http://msn.com,Benign
http://myfreecams.com,Benign
http://mynet.com.tr,Benign
http://mywebsearch.com,Benign
http://namecheap.com,Benign
http://narod.ru,Benign
http://naturalon.com,Benign
http://naukri.com,Benign
http://naver.com,Benign
http://naver.jp,Benign
http://nbcnews.com,Benign
http://ndtv.com,Benign
http://neobux.com,Benign
http://netflix.com,Benign
http://nevonprojects.com/,Benign
http://newegg.com,Benign
